artist,song,decade
Gene Autry,"Rudolph, The Red-nosed Reindeer",1950
The Andrews Sisters,"I Can Dream, Can't I",1950
The Ames Brothers,Rag Mop,1950
Red Foley,Chattanoogie Shoe Shine Boy,1950
Teresa Brewer,Music! Music! Music!,1950
Eileen Barton,If I Knew You Were Comin' I'd've Baked a Cake,1950
Anton Karas,The Third Man Theme,1950
Nat King Cole,Mona Lisa,1950
Gordon Jenkins and The Weavers,Goodnight Irene,1950
Sammy Kaye,Harbor Lights,1950
Phil Harris,The Thing,1950
Patti Page,The Tennessee Waltz,1950
Perry Como,If,1950
Mario Lanza,Be My Love,1950
Les Paul and Mary Ford,How High The Moon,1950
Nat King Cole,Too Young,1950
Rosemary Clooney,Come On-a My House,1950
Tony Bennett,Because Of You,1950
Tony Bennett,"Cold, Cold Heart",1950
Eddy Howard,Sin (It's No Sin),1950
Johnnie Ray and The Four Lads,Cry,1950
Kay Starr,Wheel Of Fortune,1950
Leroy Anderson,Blue Tango,1950
Al Martino,Here In My Heart,1950
Percy Faith,Delicado,1950
Vera Lynn,Auf Wiederseh'n Sweetheart,1950
Jo Stafford,You Belong To Me,1950
Patti Page,I Went To Your Wedding,1950
Johnny Standley,It's In The Book (parts 1 & 2),1950
Joni James,Why Don't You Believe Me,1950
Jimmy Boyd,I Saw Mommy Kissing Santa Claus,1950
Perry Como,Don't Let the Stars Get in Your Eyes,1950
Teresa Brewer,Till I Waltz Again With You,1950
Patti Page,The Doggie In The Window,1950
Percy Faith,The Song From Moulin Rouge (Where Is Your Heart),1950
Eddie Fisher,I'm Walking Behind You,1950
Les Paul and Mary Ford,Vaya Con Dios (May God Be With You),1950
Stan Freberg,St. George And The Dragonet,1950
Tony Bennett,Rags To Riches,1950
Eddie Fisher,Oh! My Pa-pa (O Mein Papa),1950
Doris Day,Secret Love,1950
Jo Stafford,Make Love To Me!,1950
Perry Como,Wanted,1950
Kitty Kallen,Little Things Mean A Lot,1950
The Crew Cuts,Sh-Boom,1950
Rosemary Clooney,Hey There,1950
Rosemary Clooney,This Ole House,1950
Eddie Fisher,I Need You Now,1950
The Chordettes,Mr. Sandman,1950
Joan Weber,"Let Me Go, Lover!",1950
The Fontane Sisters,Hearts Of Stone,1950
The McGuire Sisters,Sincerely,1950
Bill Hayes,The Ballad Of Davy Crockett,1950
Pérez Prado,Cherry Pink And Apple Blossom White,1950
Bill Haley & His Comets,Rock Around The Clock,1950
Mitch Miller,The Yellow Rose of Texas,1950
The Four Aces,Love Is A Many Splendored Thing,1950
Roger Williams,Autumn Leaves,1950
Tennessee Ernie Ford,Sixteen Tons,1950
Dean Martin,Memories Are Made Of This,1950
Kay Starr,Rock And Roll Waltz,1950
Nelson Riddle,Lisbon Antigua,1950
Les Baxter,Poor People Of Paris,1950
Elvis Presley,Heartbreak Hotel,1950
Gogi Grant,The Wayward Wind,1950
Elvis Presley,"I Want You, I Need You, I Love You",1950
The Platters,My Prayer,1950
Elvis Presley,Don't Be Cruel,1950
Elvis Presley,Love Me Tender,1950
Guy Mitchell,Singing The Blues,1950
Elvis Presley,Too Much,1950
Tab Hunter,Young Love,1950
Buddy Knox,Party Doll,1950
Perry Como,Round And Round,1950
Elvis Presley,All Shook Up,1950
Pat Boone,Love Letters In The Sand,1950
Elvis Presley,(Let Me Be Your) Teddy Bear,1950
Debbie Reynolds,Tammy,1950
Paul Anka,Diana,1950
The Crickets,That'll Be The Day,1950
Jimmie Rodgers,Honeycomb,1950
The Everly Brothers,Wake Up Little Susie,1950
Elvis Presley,Jailhouse Rock,1950
Sam Cooke,You Send Me,1950
Pat Boone,April Love,1950
Danny & the Juniors,At The Hop,1950
Elvis Presley,Don't,1950
The Champs,Tequila,1950
The Platters,Twilight Time,1950
David Seville,Witch Doctor,1950
The Everly Brothers,All I Have To Do Is Dream,1950
Sheb Wooley,The Purple People Eater,1950
Elvis Presley,Hard Headed Woman,1950
Ricky Nelson,Poor Little Fool,1950
Domenico Modugno,Volare (Nel blu dipinto di blu),1950
The Elegants,Little Star,1950
Tommy Edwards,It's All in the Game,1950
Conway Twitty,It's Only Make Believe,1950
The Kingston Trio,Tom Dooley,1950
The Teddy Bears,To Know Him Is to Love Him,1950
The Chipmunks with David Seville,The Chipmunk Song,1950
The Platters,Smoke Gets in Your Eyes,1950
Lloyd Price,Stagger Lee,1950
Frankie Avalon,Venus,1950
The Fleetwoods,Come Softly to Me,1950
"Dave ""Baby"" Cortez",The Happy Organ,1950
Wilbert Harrison,Kansas City,1950
Johnny Horton,The Battle of New Orleans,1950
Paul Anka,Lonely Boy,1950
Elvis Presley,A Big Hunk o' Love,1950
The Browns,The Three Bells,1950
Santo & Johnny,Sleep Walk,1950
Bobby Darin,Mack the Knife,1950
The Fleetwoods,Mr. Blue,1950
Guy Mitchell,Heartaches by the Number,1950
Frankie Avalon,Why,1950
Marty Robbins,El Paso,1960
Johnny Preston,Running Bear,1960
Mark Dinning,Teen Angel,1960
Percy Faith,Theme from 'A Summer Place',1960
Elvis Presley,Stuck on You,1960
The Everly Brothers,Cathy's Clown,1960
Connie Francis,Everybody's Somebody's Fool,1960
Hollywood Argyles,Alley-Oop,1960
Brenda Lee,I'm Sorry,1960
Brian Hyland,Itsy Bitsy Teenie Weenie Yellow Polka Dot Bikini,1960
Elvis Presley,It's Now or Never,1960
Chubby Checker,The Twist,1960
Connie Francis,My Heart Has a Mind of Its Own,1960
Larry Verne,Mr. Custer,1960
The Drifters,Save the Last Dance for Me,1960
Brenda Lee,I Want to Be Wanted,1960
Ray Charles,Georgia on My Mind,1960
Maurice Williams and the Zodiacs,Stay,1960
Elvis Presley,Are You Lonesome Tonight?,1960
Bert Kaempfert,Wonderland by Night,1960
The Shirelles,Will You Love Me Tomorrow,1960
Lawrence Welk,Calcutta,1960
Chubby Checker,Pony Time,1960
Elvis Presley,Surrender,1960
The Marcels,Blue Moon,1960
Del Shannon,Runaway,1960
Ernie K-Doe,Mother-in-Law,1960
Ricky Nelson,Travelin' Man,1960
Roy Orbison,Running Scared,1960
Pat Boone,Moody River,1960
Gary U.S. Bonds,Quarter to Three,1960
Bobby Lewis,Tossin' and Turnin',1960
Joe Dowell,Wooden Heart (Muss I Denn),1960
The Highwaymen,Michael,1960
Bobby Vee,Take Good Care of My Baby,1960
Ray Charles,Hit the Road Jack,1960
Dion,Runaround Sue,1960
Jimmy Dean,Big Bad John,1960
The Marvelettes,Please Mr. Postman,1960
The Tokens,The Lion Sleeps Tonight,1960
Chubby Checker,The Twist,1960
Joey Dee and the Starliters,Peppermint Twist,1960
Gene Chandler,Duke of Earl,1960
Bruce Channel,Hey! Baby,1960
Connie Francis,Don't Break the Heart That Loves You,1960
Shelley Fabares,Johnny Angel,1960
Elvis Presley,Good Luck Charm,1960
The Shirelles,Soldier Boy,1960
Mr. Acker Bilk,Stranger on the Shore,1960
Ray Charles,I Can't Stop Loving You,1960
David Rose,The Stripper,1960
Bobby Vinton,Roses Are Red (My Love),1960
Neil Sedaka,Breaking Up Is Hard to Do,1960
Little Eva,The Loco-Motion,1960
Tommy Roe,Sheila,1960
The Four Seasons,Sherry,1960
"Bobby ""Boris"" Pickett and the Crypt-Kickers",Monster Mash,1960
The Crystals,He's a Rebel,1960
The Four Seasons,Big Girls Don't Cry,1960
The Tornados,Telstar,1960
Steve Lawrence,Go Away Little Girl,1960
The Rooftop Singers,Walk Right In,1960
Paul & Paula,Hey Paula,1960
The Four Seasons,Walk Like A Man,1960
Ruby & the Romantics,Our Day Will Come,1960
The Chiffons,He's So Fine,1960
Little Peggy March,I Will Follow Him,1960
Jimmy Soul,If You Wanna Be Happy,1960
Lesley Gore,It's My Party,1960
Kyu Sakamoto,Sukiyaki,1960
The Essex,Easier Said Than Done,1960
Jan and Dean,Surf City,1960
The Tymes,So Much in Love,1960
Little Stevie Wonder,Fingertips,1960
The Angels,My Boyfriend's Back,1960
Bobby Vinton,Blue Velvet,1960
Jimmy Gilmer and the Fireballs,Sugar Shack,1960
Nino Tempo and April Stevens,Deep Purple,1960
Dale & Grace,I'm Leaving It Up to You,1960
The Singing Nun,Dominique,1960
Bobby Vinton,There! I've Said It Again,1960
The Beatles,I Want to Hold Your Hand,1960
The Beatles,She Loves You,1960
The Beatles,Can't Buy Me Love,1960
Louis Armstrong,"Hello, Dolly!",1960
Mary Wells,My Guy,1960
The Beatles,Love Me Do,1960
The Dixie Cups,Chapel of Love,1960
Peter and Gordon,A World Without Love,1960
The Beach Boys,I Get Around,1960
The Four Seasons,Rag Doll,1960
The Beatles,A Hard Day's Night,1960
Dean Martin,Everybody Loves Somebody,1960
The Supremes,Where Did Our Love Go,1960
The Animals,The House of the Rising Sun,1960
Roy Orbison,"Oh, Pretty Woman",1960
Manfred Mann,Do Wah Diddy Diddy,1960
The Supremes,Baby Love,1960
The Shangri-Las,Leader of the Pack,1960
Lorne Greene,Ringo,1960
Bobby Vinton,Mr. Lonely,1960
The Supremes,Come See About Me,1960
The Beatles,I Feel Fine,1960
Petula Clark,Downtown,1960
The Righteous Brothers,You've Lost That Lovin' Feelin',1960
Gary Lewis & The Playboys,This Diamond Ring,1960
The Temptations,My Girl,1960
The Beatles,Eight Days a Week,1960
The Supremes,Stop! In the Name of Love,1960
Freddie and the Dreamers,I'm Telling You Now,1960
Wayne Fontana & The Mindbenders,Game of Love,1960
Herman's Hermits,"Mrs. Brown, You've Got a Lovely Daughter",1960
The Beatles,Ticket to Ride,1960
The Beach Boys,Help Me Rhonda,1960
The Supremes,Back in My Arms Again,1960
Four Tops,"I Can't Help Myself (Sugar Pie, Honey Bunch)",1960
The Byrds,Mr. Tambourine Man,1960
The Rolling Stones,(I Can't Get No) Satisfaction,1960
Herman's Hermits,"I'm Henry VIII, I Am",1960
Sonny & Cher,I Got You Babe,1960
The Beatles,Help!,1960
Barry McGuire,Eve Of Destruction,1960
The McCoys,Hang On Sloopy,1960
The Beatles,Yesterday,1960
The Rolling Stones,Get Off of My Cloud,1960
The Supremes,I Hear a Symphony,1960
The Byrds,Turn! Turn! Turn! (To Everything There Is a Season),1960
The Dave Clark Five,Over and Over,1960
Simon & Garfunkel,The Sound of Silence,1960
The Beatles,We Can Work It Out,1960
Petula Clark,My Love,1960
Lou Christie,Lightnin' Strikes,1960
Nancy Sinatra,These Boots Are Made for Walkin',1960
Barry Sadler,Ballad of the Green Berets,1960
The Righteous Brothers,(You're My) Soul And Inspiration,1960
The Young Rascals,Good Lovin',1960
The Mamas & the Papas,"Monday, Monday",1960
Percy Sledge,When A Man Loves A Woman,1960
The Rolling Stones,Paint It Black,1960
The Beatles,Paperback Writer,1960
Frank Sinatra,Strangers In The Night,1960
Tommy James and the Shondells,Hanky Panky,1960
The Troggs,Wild Thing,1960
The Lovin' Spoonful,Summer in the City,1960
Donovan,Sunshine Superman,1960
The Supremes,You Can't Hurry Love,1960
The Association,Cherish,1960
Four Tops,Reach Out I'll Be There,1960
? & the Mysterians,96 Tears,1960
The Monkees,Last Train to Clarksville,1960
Johnny Rivers,Poor Side Of Town,1960
The Supremes,You Keep Me Hangin' On,1960
The New Vaudeville Band,Winchester Cathedral,1960
The Beach Boys,Good Vibrations,1960
The Monkees,I'm a Believer,1960
The Buckinghams,Kind of a Drag,1960
The Rolling Stones,Ruby Tuesday,1960
The Supremes,Love Is Here and Now You're Gone,1960
The Beatles,Penny Lane,1960
The Turtles,Happy Together,1960
Nancy Sinatra and Frank Sinatra,Somethin' Stupid,1960
The Supremes,The Happening,1960
The Young Rascals,Groovin',1960
Aretha Franklin,Respect,1960
The Association,Windy,1960
The Doors,Light My Fire,1960
The Beatles,All You Need Is Love,1960
Bobbie Gentry,Ode to Billie Joe,1960
Box Tops,The Letter,1960
Lulu,To Sir With Love,1960
Strawberry Alarm Clock,Incense and Peppermints,1960
The Monkees,Daydream Believer,1960
The Beatles,"Hello, Goodbye",1960
John Fred & His Playboy Band,Judy in Disguise (With Glasses),1960
The Lemon Pipers,Green Tambourine,1960
Paul Mauriat,Love Is Blue,1960
Otis Redding,(Sittin' On) The Dock of the Bay,1960
Bobby Goldsboro,Honey,1960
Archie Bell & the Drells,Tighten Up,1960
Simon & Garfunkel,Mrs. Robinson,1960
Herb Alpert,This Guy's in Love with You,1960
Hugh Masekela,Grazing in the Grass,1960
The Doors,"Hello, I Love You",1960
The Rascals,People Got to Be Free,1960
Jeannie C. Riley,Harper Valley P.T.A.,1960
The Beatles,Hey Jude,1960
Diana Ross & the Supremes,Love Child,1960
Marvin Gaye,I Heard It Through the Grapevine,1960
Tommy James and the Shondells,Crimson and Clover,1960
Sly and the Family Stone,Everyday People,1960
Tommy Roe,Dizzy,1960
The 5th Dimension,Aquarius/Let the Sunshine In,1960
The Beatles with Billy Preston,Get Back,1960
Henry Mancini,Love Theme from Romeo and Juliet,1960
Zager and Evans,In the Year 2525,1960
The Rolling Stones,Honky Tonk Women,1960
The Archies,"Sugar, Sugar",1960
The Temptations,I Can't Get Next To You,1960
Elvis Presley,Suspicious Minds,1960
The 5th Dimension,Wedding Bell Blues,1960
The Beatles,Come Together,1960
Steam,Na Na Hey Hey Kiss Him Goodbye,1960
"Peter, Paul & Mary",Leaving on a Jet Plane,1960
Diana Ross & the Supremes,Someday We'll Be Together,1960
B. J. Thomas,Raindrops Keep Fallin' On My Head,1970
The Jackson 5,I Want You Back,1970
Shocking Blue,Venus,1970
Sly & the Family Stone,Thank You (Falettinme Be Mice Elf Agin),1970
Simon & Garfunkel,Bridge Over Troubled Water,1970
The Beatles,Let It Be,1970
The Jackson 5,ABC,1970
The Guess Who,American Woman,1970
Ray Stevens,Everything Is Beautiful,1970
The Beatles,The Long and Winding Road,1970
The Jackson 5,The Love You Save,1970
Three Dog Night,Mama Told Me (Not to Come),1970
The Carpenters,(They Long to Be) Close to You,1970
Bread,Make It with You,1970
Edwin Starr,War,1970
Diana Ross,Ain't No Mountain High Enough,1970
Neil Diamond,Cracklin' Rosie,1970
The Jackson 5,I'll Be There,1970
The Partridge Family,I Think I Love You,1970
Smokey Robinson & the Miracles,The Tears of a Clown,1970
George Harrison,My Sweet Lord,1970
Tony Orlando and Dawn,Knock Three Times,1970
The Osmonds,One Bad Apple,1970
Janis Joplin,Me and Bobby McGee,1970
The Temptations,Just My Imagination (Running Away with Me),1970
"Three Dog Night
",Joy to the World,1970
The Rolling Stones,Brown Sugar,1970
The Honey Cone,Want Ads,1970
Carole King,It's Too Late,1970
Paul Revere & the Raiders,Indian Reservation (The Lament of the Cherokee Reservation Indian),1970
James Taylor,You've Got a Friend,1970
Bee Gees,How Can You Mend a Broken Heart,1970
Paul McCartney,Uncle Albert/Admiral Halsey,1970
Donny Osmond,Go Away Little Girl,1970
Rod Stewart,Maggie May,1970
Cher,"Gypsys, Tramps & Thieves",1970
Isaac Hayes,Theme from Shaft,1970
Sly and the Family Stone,Family Affair,1970
Melanie,Brand New Key,1970
Don McLean,American Pie,1970
Al Green,Let's Stay Together,1970
Nilsson,Without You,1970
Neil Young,Heart of Gold,1970
America,A Horse with No Name,1970
Roberta Flack,The First Time Ever I Saw Your Face,1970
The Chi-Lites,Oh Girl,1970
The Staple Singers,I'll Take You There,1970
Sammy Davis Jr.,Candy Man,1970
Neil Diamond,Song Sung Blue,1970
Bill Withers,Lean On Me,1970
Gilbert O'Sullivan,Alone Again (Naturally),1970
Looking Glass,Brandy (You're a Fine Girl),1970
Three Dog Night,Black and White,1970
Mac Davis,"Baby, Don't Get Hooked on Me",1970
Michael Jackson,Ben,1970
Chuck Berry,My Ding-a-Ling,1970
Johnny Nash,I Can See Clearly Now,1970
The Temptations,Papa Was a Rollin' Stone,1970
Helen Reddy,I Am Woman,1970
Billy Paul,Me and Mrs. Jones,1970
Carly Simon,You're So Vain,1970
Stevie Wonder,Superstition,1970
Elton John,Crocodile Rock,1970
Roberta Flack,Killing Me Softly with His Song,1970
The O'Jays,Love Train,1970
Vicki Lawrence,The Night the Lights Went Out in Georgia,1970
Tony Orlando and Dawn,Tie a Yellow Ribbon Round the Ole Oak Tree,1970
Stevie Wonder,You Are the Sunshine of My Life,1970
The Edgar Winter Group,Frankenstein,1970
Paul McCartney and Wings,My Love,1970
George Harrison,Give Me Love (Give Me Peace On Earth),1970
Billy Preston,Will It Go Round in Circles,1970
Jim Croce,"Bad, Bad Leroy Brown",1970
Maureen McGovern,The Morning After,1970
Diana Ross,Touch Me in the Morning,1970
Stories,Brother Louie,1970
Marvin Gaye,Let's Get It On,1970
Helen Reddy,Delta Dawn,1970
Grand Funk,We're an American Band,1970
Cher,Half-Breed,1970
The Rolling Stones,Angie,1970
Gladys Knight & the Pips,Midnight Train to Georgia,1970
Eddie Kendricks,Keep On Truckin',1970
Ringo Starr,Photograph,1970
The Carpenters,Top of the World,1970
Charlie Rich,The Most Beautiful Girl,1970
Jim Croce,Time in a Bottle,1970
Steve Miller Band,The Joker,1970
Al Wilson,Show and Tell,1970
Ringo Starr,You're Sixteen,1970
Barbra Streisand,The Way We Were,1970
Love Unlimited Orchestra,Love's Theme,1970
Terry Jacks,Seasons in the Sun,1970
Cher,Dark Lady,1970
John Denver,Sunshine on My Shoulders,1970
Blue Swede,Hooked on a Feeling,1970
Elton John,Bennie and the Jets,1970
MFSB,TSOP,1970
Grand Funk,The Loco-Motion,1970
Ray Stevens,The Streak,1970
Paul McCartney and Wings,Band on the Run,1970
Bo Donaldson and The Heywoods,"Billy, Don't Be a Hero",1970
Gordon Lightfoot,Sundown,1970
The Hues Corporation,Rock the Boat,1970
George McCrae,Rock Your Baby,1970
John Denver,Annie's Song,1970
Roberta Flack,Feel Like Makin' Love,1970
Paper Lace,The Night Chicago Died,1970
Paul Anka,(You're) Having My Baby,1970
Eric Clapton,I Shot the Sheriff,1970
Barry White,"Can't Get Enough of Your Love, Babe",1970
Andy Kim,Rock Me Gently,1970
Olivia Newton-John,I Honestly Love You,1970
Billy Preston,Nothing from Nothing,1970
Dionne Warwick,Then Came You,1970
Stevie Wonder,You Haven't Done Nothin',1970
Bachman-Turner Overdrive,You Ain't Seen Nothing Yet,1970
John Lennon,Whatever Gets You Thru the Night,1970
Billy Swan,I Can Help,1970
Carl Douglas,Kung Fu Fighting,1970
Harry Chapin,Cat's in the Cradle,1970
Helen Reddy,Angie Baby,1970
Elton John,Lucy in the Sky with Diamonds,1970
Barry Manilow,Mandy,1970
The Carpenters,Please Mr. Postman,1970
Neil Sedaka,Laughter in the Rain,1970
Ohio Players,Fire,1970
Linda Ronstadt,You're No Good,1970
Average White Band,Pick Up the Pieces,1970
Eagles,Best of My Love,1970
Olivia Newton-John,Have You Never Been Mellow,1970
The Doobie Brothers,Black Water,1970
Frankie Valli,My Eyes Adored You,1970
LaBelle,Lady Marmalade,1970
Minnie Riperton,Lovin' You,1970
Elton John,Philadelphia Freedom,1970
B. J. Thomas,(Hey Won't You Play) Another Somebody Done Somebody Wrong Song,1970
Tony Orlando and Dawn,He Don't Love You (Like I Love You),1970
"Earth, Wind & Fire",Shining Star,1970
Freddy Fender,Before the Next Teardrop Falls,1970
John Denver,Thank God I'm a Country Boy,1970
America,Sister Golden Hair,1970
Captain & Tennille,Love Will Keep Us Together,1970
Paul McCartney and Wings,Listen to What the Man Said,1970
Van McCoy and the Soul City Symphony,The Hustle,1970
Eagles,One of These Nights,1970
Bee Gees,Jive Talkin',1970
"Hamilton, Joe Frank & Reynolds",Fallin' in Love,1970
KC and the Sunshine Band,Get Down Tonight,1970
Glen Campbell,Rhinestone Cowboy,1970
David Bowie,Fame,1970
John Denver,I'm Sorry,1970
Neil Sedaka,Bad Blood,1970
Elton John,Island Girl,1970
KC and the Sunshine Band,That's the Way (I Like It),1970
Silver Convention,"Fly, Robin, Fly",1970
The Staple Singers,Let's Do It Again,1970
Bay City Rollers,Saturday Night,1970
C. W. McCall,Convoy,1970
Barry Manilow,I Write the Songs,1970
Diana Ross,Theme from Mahogany (Do You Know Where You're Going To),1970
Ohio Players,Love Rollercoaster,1970
Paul Simon,50 Ways to Leave Your Lover,1970
Rhythm Heritage,Theme From S.W.A.T.,1970
The Miracles,Love Machine,1970
The Four Seasons,"December 1963 (Oh, What a Night)",1970
Johnnie Taylor,Disco Lady,1970
The Bellamy Brothers,Let Your Love Flow,1970
John Sebastian,Welcome Back,1970
The Sylvers,Boogie Fever,1970
Wings,Silly Love Songs,1970
Diana Ross,Love Hangover,1970
Starland Vocal Band,Afternoon Delight,1970
The Manhattans,Kiss and Say Goodbye,1970
Kiki Dee,Don't Go Breaking My Heart,1970
Bee Gees,You Should Be Dancing,1970
KC and the Sunshine Band,"(Shake, Shake, Shake) Shake Your Booty",1970
Wild Cherry,Play That Funky Music,1970
Walter Murphy and the Big Apple Band,A Fifth of Beethoven,1970
Rick Dees and His Cast of Idiots,Disco Duck,1970
Chicago,If You Leave Me Now,1970
Steve Miller Band,Rock'n Me,1970
Rod Stewart,Tonight's the Night (Gonna Be Alright),1970
Marilyn McCoo,You Don't Have to Be a Star (To Be in My Show),1970
Leo Sayer,You Make Me Feel Like Dancing,1970
Stevie Wonder,I Wish,1970
Rose Royce,Car Wash,1970
Mary MacGregor,Torn Between Two Lovers,1970
Manfred Mann's Earth Band,Blinded by the Light,1970
Eagles,New Kid in Town,1970
Barbra Streisand,Love Theme From A Star Is Born (Evergreen),1970
Daryl Hall and John Oates,Rich Girl,1970
ABBA,Dancing Queen,1970
David Soul,Don't Give Up on Us,1970
Thelma Houston,Don't Leave Me This Way,1970
Glen Campbell,Southern Nights,1970
Eagles,Hotel California,1970
Leo Sayer,When I Need You,1970
Stevie Wonder,Sir Duke,1970
KC and the Sunshine Band,I'm Your Boogie Man,1970
Fleetwood Mac,Dreams,1970
Marvin Gaye,Got to Give It Up (Part 1),1970
Bill Conti,Gonna Fly Now (Theme From Rocky),1970
Alan O'Day,Undercover Angel,1970
Shaun Cassidy,Da Doo Ron Ron,1970
Barry Manilow,Looks Like We Made It,1970
Andy Gibb,I Just Want to Be Your Everything,1970
The Emotions,Best of My Love,1970
Meco,Star Wars Theme/Cantina Band,1970
Debby Boone,You Light Up My Life,1970
Bee Gees,How Deep Is Your Love,1970
Player,Baby Come Back,1970
Bee Gees,Stayin' Alive,1970
Andy Gibb,(Love Is) Thicker Than Water,1970
Bee Gees,Night Fever,1970
Yvonne Elliman,If I Can't Have You,1970
Wings,With a Little Luck,1970
Johnny Mathis,"Too Much, Too Little, Too Late",1970
John Travolta,You're the One That I Want,1970
Andy Gibb,Shadow Dancing,1970
The Rolling Stones,Miss You,1970
Commodores,Three Times a Lady,1970
Frankie Valli,Grease,1970
A Taste of Honey,Boogie Oogie Oogie,1970
Exile,Kiss You All Over,1970
Nick Gilder,Hot Child in the City,1970
Anne Murray,You Needed Me,1970
Donna Summer,MacArthur Park,1970
Barbra Streisand and Neil Diamond,You Don't Bring Me Flowers,1970
Chic,Le Freak,1970
Bee Gees,Too Much Heaven,1970
Rod Stewart,Da Ya Think I'm Sexy?,1970
Gloria Gaynor,I Will Survive,1970
Bee Gees,Tragedy,1970
The Doobie Brothers,What a Fool Believes,1970
Amii Stewart,Knock on Wood,1970
Blondie,Heart of Glass,1970
Peaches & Herb,Reunited,1970
Donna Summer,Hot Stuff,1970
Bee Gees,Love You Inside Out,1970
Anita Ward,Ring My Bell,1970
Donna Summer,Bad Girls,1970
Chic,Good Times,1970
The Knack,My Sharona,1970
Robert John,Sad Eyes,1970
Michael Jackson,Don't Stop 'til You Get Enough,1970
Herb Alpert,Rise,1970
M,Pop Muzik,1970
Eagles,Heartache Tonight,1970
Commodores,Still,1970
Barbra Streisand and Donna Summer,No More Tears (Enough Is Enough),1970
Styx,Babe,1970
Rupert Holmes,Escape (The Piña Colada Song),1970
KC and the Sunshine Band,Please Don't Go,1980
Michael Jackson,Rock with You,1980
Captain & Tennille,Do That to Me One More Time,1980
Queen,Crazy Little Thing Called Love,1980
Pink Floyd,Another Brick in the Wall (Part 2),1980
Blondie,Call Me,1980
"Lipps, Inc.",Funkytown,1980
Paul McCartney,Coming Up (Live at Glasgow),1980
Billy Joel,It's Still Rock and Roll to Me,1980
Olivia Newton-John,Magic,1980
Christopher Cross,Sailing,1980
Diana Ross,Upside Down,1980
Queen,Another One Bites the Dust,1980
Barbra Streisand,Woman in Love,1980
Kenny Rogers,Lady,1980
John Lennon,(Just Like) Starting Over,1980
Blondie,The Tide Is High,1980
Kool & the Gang,Celebration,1980
Dolly Parton,9 to 5,1980
Eddie Rabbitt,I Love a Rainy Night,1980
REO Speedwagon,Keep On Loving You,1980
Blondie,Rapture,1980
Daryl Hall and John Oates,Kiss on My List,1980
Sheena Easton,Morning Train (Nine to Five),1980
Kim Carnes,Bette Davis Eyes,1980
Stars on 45,Stars on 45,1980
Air Supply,The One That You Love,1980
Rick Springfield,Jessie's Girl,1980
Diana Ross,Endless Love,1980
Christopher Cross,Arthur's Theme (Best That You Can Do),1980
Daryl Hall and John Oates,Private Eyes,1980
Olivia Newton-John,Physical,1980
Daryl Hall and John Oates,I Can't Go for That (No Can Do),1980
The J. Geils Band,Centerfold,1980
Joan Jett and the Blackhearts,I Love Rock 'n' Roll,1980
Vangelis,Chariots of Fire,1980
Paul McCartney,Ebony and Ivory,1980
The Human League,Don't You Want Me,1980
Survivor,Eye of the Tiger,1980
Steve Miller Band,Abracadabra,1980
Chicago,Hard to Say I'm Sorry,1980
John Mellencamp,Jack and Diane,1980
Men at Work,Who Can It Be Now,1980
Joe Cocker,Up Where We Belong,1980
Lionel Richie,Truly,1980
Toni Basil,Mickey,1980
Daryl Hall and John Oates,Maneater,1980
Men at Work,Down Under,1980
Toto,Africa,1980
Patti Austin,"Baby, Come to Me",1980
Michael Jackson,Billie Jean,1980
Dexys Midnight Runners,Come On Eileen,1980
Michael Jackson,Beat It,1980
David Bowie,Let's Dance,1980
Irene Cara,Flashdance... What a Feeling,1980
The Police,Every Breath You Take,1980
Eurythmics,Sweet Dreams (Are Made of This),1980
Michael Sembello,Maniac,1980
Billy Joel,Tell Her About It,1980
Bonnie Tyler,Total Eclipse of the Heart,1980
Kenny Rogers,Islands in the Stream,1980
Lionel Richie,All Night Long (All Night),1980
Paul McCartney,"Say, Say, Say",1980
Yes,Owner of a Lonely Heart,1980
Culture Club,Karma Chameleon,1980
Van Halen,Jump,1980
Kenny Loggins,Footloose,1980
Phil Collins,Against All Odds (Take a Look at Me Now),1980
Lionel Richie,Hello,1980
Deniece Williams,Let's Hear It for the Boy,1980
Cyndi Lauper,Time After Time,1980
Duran Duran,The Reflex,1980
Prince,When Doves Cry,1980
"Ray Parker, Jr.",Ghostbusters,1980
Tina Turner,What's Love Got to Do with It,1980
John Waite,Missing You,1980
The Revolution,Let's Go Crazy,1980
Stevie Wonder,I Just Called to Say I Love You,1980
Billy Ocean,Caribbean Queen (No More Love on the Run),1980
Wham!,Wake Me Up Before You Go-Go,1980
Daryl Hall and John Oates,Out of Touch,1980
Madonna,Like a Virgin,1980
Foreigner,I Want to Know What Love Is,1980
Wham!,Careless Whisper,1980
REO Speedwagon,Can't Fight This Feeling,1980
Phil Collins,One More Night,1980
USA for Africa,We Are the World,1980
Madonna,Crazy for You,1980
Simple Minds,Don't You (Forget About Me),1980
Wham!,Everything She Wants,1980
Tears for Fears,Everybody Wants to Rule the World,1980
Bryan Adams,Heaven,1980
Phil Collins,Sussudio,1980
Duran Duran,A View to a Kill,1980
Paul Young,Everytime You Go Away,1980
Tears for Fears,Shout,1980
Huey Lewis and the News,The Power of Love,1980
John Parr,St. Elmo's Fire (Man in Motion),1980
Dire Straits,Money for Nothing,1980
Ready for the World,Oh Sheila,1980
a-ha,Take On Me,1980
Whitney Houston,Saving All My Love for You,1980
Stevie Wonder,Part-Time Lover,1980
Jan Hammer,Miami Vice Theme,1980
Starship,We Built This City,1980
Marilyn Martin,Separate Lives,1980
Mr. Mister,Broken Wings,1980
Lionel Richie,"Say You, Say Me",1980
Dionne Warwick,That's What Friends Are For,1980
Whitney Houston,How Will I Know,1980
Mr. Mister,Kyrie,1980
Starship,Sara,1980
Heart,These Dreams,1980
Falco,Rock Me Amadeus,1980
Prince and the Revolution,Kiss,1980
Robert Palmer,Addicted to Love,1980
Pet Shop Boys,West End Girls,1980
Whitney Houston,Greatest Love of All,1980
Madonna,Live to Tell,1980
Patti LaBelle,On My Own,1980
Billy Ocean,There'll Be Sad Songs (To Make You Cry),1980
Simply Red,Holding Back the Years,1980
Genesis,Invisible Touch,1980
Peter Gabriel,Sledgehammer,1980
Peter Cetera,Glory of Love,1980
Madonna,Papa Don't Preach,1980
Steve Winwood,Higher Love,1980
Bananarama,Venus,1980
Berlin,Take My Breath Away,1980
Huey Lewis and the News,Stuck with You,1980
Janet Jackson,When I Think of You,1980
Cyndi Lauper,True Colors,1980
Boston,Amanda,1980
Human League,Human,1980
Bon Jovi,You Give Love a Bad Name,1980
Amy Grant,The Next Time I Fall,1980
Bruce Hornsby & the Range,The Way It Is,1980
The Bangles,Walk Like an Egyptian,1980
Gregory Abbott,Shake You Down,1980
Billy Vera and the Beaters,At This Moment,1980
Madonna,Open Your Heart,1980
Bon Jovi,Livin' on a Prayer,1980
Huey Lewis and the News,Jacob's Ladder,1980
Club Nouveau,Lean on Me,1980
Starship,Nothing's Gonna Stop Us Now,1980
Aretha Franklin,I Knew You Were Waiting (for Me),1980
Cutting Crew,(I Just) Died in Your Arms,1980
U2,With or Without You,1980
Kim Wilde,You Keep Me Hangin' On,1980
Atlantic Starr,Always,1980
Lisa Lisa and Cult Jam,Head to Toe,1980
Whitney Houston,I Wanna Dance with Somebody (Who Loves Me),1980
Heart,Alone,1980
Bob Seger,Shakedown,1980
U2,I Still Haven't Found What I'm Looking For,1980
Madonna,Who's That Girl,1980
Los Lobos,La Bamba,1980
Michael Jackson,I Just Can't Stop Loving You,1980
Whitney Houston,Didn't We Almost Have It All,1980
Whitesnake,Here I Go Again,1980
Lisa Lisa and Cult Jam,Lost in Emotion,1980
Michael Jackson,Bad,1980
Tiffany,I Think We're Alone Now,1980
Billy Idol,Mony Mony,1980
Bill Medley,(I've Had) The Time of My Life,1980
Belinda Carlisle,Heaven Is a Place on Earth,1980
"George Michael
",Faith,1980
Whitney Houston,So Emotional,1980
George Harrison,Got My Mind Set on You,1980
Michael Jackson,The Way You Make Me Feel,1980
INXS,Need You Tonight,1980
Tiffany,Could've Been,1980
Exposé,Seasons Change,1980
George Michael,Father Figure,1980
Rick Astley,Never Gonna Give You Up,1980
Michael Jackson,Man in the Mirror,1980
Billy Ocean,"Get Outta My Dreams, Get into My Car",1980
Whitney Houston,Where Do Broken Hearts Go,1980
Terence Trent D'Arby,Wishing Well,1980
Gloria Estefan,Anything for You,1980
George Michael,One More Try,1980
Rick Astley,Together Forever,1980
Debbie Gibson,Foolish Beat,1980
Michael Jackson,Dirty Diana,1980
Cheap Trick,The Flame,1980
Richard Marx,Hold On to the Nights,1980
Steve Winwood,Roll with It,1980
George Michael,Monkey,1980
Guns N' Roses,Sweet Child o' Mine,1980
Bobby McFerrin,"Don't Worry, Be Happy",1980
Def Leppard,Love Bites,1980
UB40,Red Red Wine,1980
Phil Collins,A Groovy Kind of Love,1980
The Beach Boys,Kokomo,1980
The Escape Club,"Wild, Wild West",1980
Bon Jovi,Bad Medicine,1980
Will to Power,"Baby, I Love Your Way / Freebird Medley (Free Baby)",1980
Chicago,Look Away,1980
Poison,Every Rose Has Its Thorn,1980
Bobby Brown,My Prerogative,1980
Phil Collins,Two Hearts,1980
Sheriff,When I'm with You,1980
Paula Abdul,Straight Up,1980
Debbie Gibson,Lost in Your Eyes,1980
Mike + The Mechanics,The Living Years,1980
The Bangles,Eternal Flame,1980
Roxette,The Look,1980
Fine Young Cannibals,She Drives Me Crazy,1980
Madonna,Like a Prayer,1980
Bon Jovi,I'll Be There for You,1980
Paula Abdul,Forever Your Girl,1980
Michael Damian,Rock On,1980
Bette Midler,Wind Beneath My Wings,1980
New Kids on the Block,I'll Be Loving You (Forever),1980
Richard Marx,Satisfied,1980
Milli Vanilli,Baby Don't Forget My Number,1980
Fine Young Cannibals,Good Thing,1980
Simply Red,If You Don't Know Me by Now,1980
Martika,Toy Soldiers,1980
Prince,Batdance,1980
Richard Marx,Right Here Waiting,1980
Paula Abdul,Cold Hearted,1980
New Kids on the Block,Hangin' Tough,1980
Gloria Estefan,Don't Wanna Lose You,1980
Milli Vanilli,Girl I'm Gonna Miss You,1980
Janet Jackson,Miss You Much,1980
Roxette,Listen to Your Heart,1980
Bad English,When I See You Smile,1980
Milli Vanilli,Blame It on the Rain,1980
Billy Joel,We Didn't Start the Fire,1980
Phil Collins,Another Day in Paradise,1980
Michael Bolton,How Am I Supposed to Live Without You,1990
Paula Abdul,Opposites Attract,1990
Janet Jackson,Escapade,1990
Alannah Myles,Black Velvet,1990
Taylor Dayne,Love Will Lead You Back,1990
Tommy Page,I'll Be Your Everything,1990
Sinéad O'Connor,Nothing Compares 2 U,1990
Madonna,Vogue,1990
Wilson Phillips,Hold On,1990
Roxette,It Must Have Been Love,1990
New Kids on the Block,Step By Step,1990
Glenn Medeiros,She Ain't Worth It,1990
Mariah Carey,Vision of Love,1990
Sweet Sensation,If Wishes Came True,1990
Jon Bon Jovi,Blaze Of Glory,1990
Wilson Phillips,Release Me,1990
Nelson,(Can't Live Without Your) Love And Affection,1990
Maxi Priest,Close To You,1990
George Michael,Praying for Time,1990
James Ingram,I Don't Have the Heart,1990
Janet Jackson,Black Cat,1990
Vanilla Ice,Ice Ice Baby,1990
Mariah Carey,Love Takes Time,1990
Whitney Houston,I'm Your Baby Tonight,1990
Stevie B,Because I Love You (The Postman Song),1990
Madonna,Justify My Love,1990
Janet Jackson,Love Will Never Do (Without You),1990
Surface,The First Time,1990
C+C Music Factory,Gonna Make You Sweat (Everybody Dance Now),1990
Whitney Houston,All the Man That I Need,1990
Mariah Carey,Someday,1990
Timmy T,One More Try,1990
Gloria Estefan,Coming Out of the Dark,1990
Londonbeat,I've Been Thinking About You,1990
Wilson Phillips,You're in Love,1990
Amy Grant,Baby Baby,1990
Roxette,Joyride,1990
Hi-Five,I Like the Way (The Kissing Game),1990
Mariah Carey,I Don't Wanna Cry,1990
Extreme,More Than Words,1990
Paula Abdul,Rush Rush,1990
EMF,Unbelievable,1990
Bryan Adams,(Everything I Do) I Do It for You,1990
Paula Abdul,The Promise of a New Day,1990
Color Me Badd,I Adore Mi Amor,1990
Marky Mark & the Funky Bunch,Good Vibrations,1990
Mariah Carey,Emotions,1990
Karyn White,Romantic,1990
Prince,Cream,1990
Michael Bolton,When A Man Loves A Woman,1990
P.M. Dawn,Set Adrift on Memory Bliss,1990
Michael Jackson,Black or White,1990
Color Me Badd,All 4 Love,1990
George Michael,Don't Let The Sun Go Down On Me,1990
Right Said Fred,I'm Too Sexy,1990
Mr. Big,To Be With You,1990
Vanessa Williams,Save the Best for Last,1990
Kris Kross,Jump,1990
Mariah Carey,I'll Be There,1990
Sir Mix-A-Lot,Baby Got Back,1990
Madonna,This Used To Be My Playground,1990
Boyz II Men,End of the Road,1990
The Heights,How Do You Talk To An Angel,1990
Whitney Houston,I Will Always Love You,1990
Peabo Bryson,A Whole New World,1990
Snow,Informer,1990
Silk,Freak Me,1990
Janet Jackson,That's The Way Love Goes,1990
SWV,Weak,1990
UB40,(I Can't Help) Falling in Love with You,1990
Mariah Carey,Dreamlover,1990
Meat Loaf,I'd Do Anything for Love (But I Won't Do That),1990
Janet Jackson,Again,1990
Mariah Carey,Hero,1990
Bryan Adams,All For Love,1990
Céline Dion,The Power Of Love,1990
Ace Of Base,The Sign,1990
R. Kelly,Bump n' Grind,1990
All-4-One,I Swear,1990
Lisa Loeb & Nine Stories,Stay (I Missed You),1990
Boyz II Men,I'll Make Love to You,1990
Boyz II Men,On Bended Knee,1990
Ini Kamoze,Here Comes the Hotstepper,1990
TLC,Creep,1990
Madonna,Take A Bow,1990
Montell Jordan,This Is How We Do It,1990
Bryan Adams,Have You Ever Really Loved A Woman,1990
TLC,Waterfalls,1990
Seal,Kiss from a Rose,1990
Michael Jackson,You Are Not Alone,1990
Coolio,Gangsta's Paradise,1990
Mariah Carey,Fantasy,1990
Whitney Houston,Exhale (Shoop Shoop),1990
Mariah Carey & Boyz II Men,One Sweet Day,1990
Céline Dion,Because You Loved Me,1990
Mariah Carey,Always Be My Baby,1990
Bone Thugs-N-Harmony,Tha Crossroads,1990
2Pac,How Do U Want It,1990
Toni Braxton,You're Makin' Me High,1990
Los Del Rio,Macarena (Bayside Boys Mix),1990
Blackstreet,No Diggity,1990
Toni Braxton,Un-Break My Heart,1990
Spice Girls,Wannabe,1990
Puff Daddy,Can't Nobody Hold Me Down,1990
The Notorious B.I.G.,Hypnotize,1990
Hanson,MMMBop,1990
Faith Evans,I'll Be Missing You,1990
The Notorious B.I.G. featuring Puff Daddy & Mase,Mo Money Mo Problems,1990
Mariah Carey,Honey,1990
Boyz II Men,4 Seasons of Loneliness,1990
Elton John,Candle in the Wind '97,1990
Savage Garden,Truly Madly Deeply,1990
Janet Jackson,Together Again,1990
Usher,Nice & Slow,1990
Céline Dion,My Heart Will Go On,1990
Will Smith,Gettin' Jiggy Wit It,1990
K-Ci & JoJo,All My Life,1990
Next,Too Close,1990
Mariah Carey,My All,1990
Brandy,The Boy Is Mine,1990
Aerosmith,I Don't Want to Miss a Thing,1990
Monica,The First Night,1990
Barenaked Ladies,One Week,1990
Lauryn Hill,Doo Wop (That Thing),1990
Divine,Lately,1990
R. Kelly,I'm Your Angel,1990
Brandy,Have You Ever,1990
Britney Spears,Baby One More Time,1990
Monica,Angel of Mine,1990
Cher,Believe,1990
TLC,No Scrubs,1990
Ricky Martin,Livin' la Vida Loca,1990
Jennifer Lopez,If You Had My Love,1990
Destiny's Child,"Bills, Bills, Bills",1990
Will Smith,Wild Wild West,1990
Christina Aguilera,Genie in a Bottle,1990
Enrique Iglesias,Bailamos,1990
TLC,Unpretty,1990
Mariah Carey,Heartbreaker,1990
Santana,Smooth,1990
Christina Aguilera,What a Girl Wants,2000
Savage Garden,I Knew I Loved You,2000
Mariah Carey featuring Joe and 98 Degrees,Thank God I Found You,2000
Lonestar,Amazed,2000
Destiny's Child,Say My Name,2000
Santana featuring The Product G&B,Maria Maria,2000
Aaliyah,Try Again,2000
Enrique Iglesias,Be With You,2000
Vertical Horizon,Everything You Want,2000
Matchbox Twenty,Bent,2000
'N Sync,It's Gonna Be Me,2000
Sisqó,Incomplete,2000
Janet Jackson,Doesn't Really Matter,2000
Madonna,Music,2000
Christina Aguilera,Come On Over Baby (All I Want Is You),2000
Creed,With Arms Wide Open,2000
Destiny's Child,Independent Women,2000
Shaggy featuring Ricardo 'Rikrok' Ducent,It Wasn't Me,2000
Outkast,Ms. Jackson,2000
Joe featuring Mystikal,Stutter,2000
Crazy Town,Butterfly,2000
Shaggy featuring Rayvon,Angel,2000
Janet Jackson,All For You,2000
"Christina Aguilera, Lil' Kim, Mýa and Pink",Lady Marmalade,2000
Usher,U Remind Me,2000
Destiny's Child,Bootylicious,2000
Alicia Keys,Fallin',2000
Jennifer Lopez featuring Ja Rule,I'm Real,2000
Mary J. Blige,Family Affair,2000
Usher,U Got It Bad,2000
Nickelback,How You Remind Me,2000
Ja Rule featuring Ashanti,Always on Time,2000
Jennifer Lopez featuring Ja Rule,Ain't It Funny,2000
Ashanti,Foolish,2000
Nelly,Hot in Herre,2000
Nelly featuring Kelly Rowland,Dilemma,2000
Kelly Clarkson,A Moment Like This,2000
Eminem,Lose Yourself,2000
B2K featuring P. Diddy,"Bump, Bump, Bump",2000
Jennifer Lopez featuring LL Cool J,All I Have,2000
50 Cent,In da Club,2000
Sean Paul,Get Busy,2000
50 Cent featuring Nate Dogg,21 Questions,2000
Clay Aiken,This Is the Night,2000
Beyoncé featuring Jay-Z,Crazy in Love,2000
"Nelly, P. Diddy and Murphy Lee",Shake Ya Tailfeather,2000
Beyoncé featuring Sean Paul,Baby Boy,2000
Ludacris featuring Shawnna,Stand Up,2000
Outkast,Hey Ya!,2000
Outkast featuring Sleepy Brown,The Way You Move,2000
Twista featuring Kanye West and Jamie Foxx,Slow Jamz,2000
Usher featuring Lil Jon and Ludacris,Yeah!,2000
Usher,Burn,2000
Fantasia,I Believe,2000
Usher,Confessions Part II,2000
Juvenile featuring Soulja Slim,Slow Motion,2000
Terror Squad,Lean Back,2000
Ciara featuring Petey Pablo,Goodies,2000
Usher and Alicia Keys,My Boo,2000
Snoop Dogg featuring Pharrell,Drop It Like It's Hot,2000
Mario,Let Me Love You,2000
50 Cent featuring Olivia,Candy Shop,2000
Gwen Stefani,Hollaback Girl,2000
Mariah Carey,We Belong Together,2000
Carrie Underwood,Inside Your Heaven,2000
Kanye West featuring Jamie Foxx,Gold Digger,2000
Chris Brown,Run It!,2000
Mariah Carey,Don't Forget About Us,2000
D4L,Laffy Taffy,2000
"Nelly featuring Paul Wall, Ali and Gipp",Grillz,2000
Beyoncé featuring Slim Thug,Check on It,2000
James Blunt,You're Beautiful,2000
Ne-Yo,So Sick,2000
Sean Paul,Temperature,2000
Daniel Powter,Bad Day,2000
Rihanna,SOS,2000
Chamillionaire featuring Krayzie Bone,Ridin',2000
Shakira featuring Wyclef Jean,Hips Don't Lie,2000
Taylor Hicks,Do I Make You Proud,2000
Nelly Furtado featuring Timbaland,Promiscuous,2000
Fergie,London Bridge,2000
Justin Timberlake,SexyBack,2000
Ludacris featuring Pharrell,Money Maker,2000
Justin Timberlake featuring T.I.,My Love,2000
Akon featuring Snoop Dogg,I Wanna Love You,2000
Beyoncé,Irreplaceable,2000
Nelly Furtado,Say It Right,2000
Justin Timberlake,What Goes Around... Comes Around,2000
Mims,This Is Why I'm Hot,2000
Fergie featuring Ludacris,Glamorous,2000
Akon,Don't Matter,2000
Timbaland featuring Nelly Furtado and Justin Timberlake,Give It To Me,2000
Avril Lavigne,Girlfriend,2000
Maroon 5,Makes Me Wonder,2000
T-Pain featuring Yung Joc,Buy U a Drank (Shawty Snappin'),2000
Rihanna featuring Jay-Z,Umbrella,2000
Plain White T's,Hey There Delilah,2000
Sean Kingston,Beautiful Girls,2000
Fergie,Big Girls Don't Cry,2000
Soulja Boy,Crank That (Soulja Boy),2000
Kanye West,Stronger,2000
Chris Brown featuring T-Pain,Kiss Kiss,2000
Alicia Keys,No One,2000
Flo Rida featuring T-Pain,Low,2000
Usher featuring Young Jeezy,Love in This Club,2000
Leona Lewis,Bleeding Love,2000
Mariah Carey,Touch My Body,2000
Lil Wayne featuring Static Major,Lollipop,2000
Rihanna,Take a Bow,2000
Coldplay,Viva la Vida,2000
Katy Perry,I Kissed a Girl,2000
Rihanna,Disturbia,2000
T.I.,Whatever You Like,2000
Pink,So What,2000
T.I. featuring Rihanna,Live Your Life,2000
Britney Spears,Womanizer,2000
Beyoncé,Single Ladies (Put a Ring on It),2000
Lady Gaga featuring Colby O'Donis,Just Dance,2000
Kelly Clarkson,My Life Would Suck Without You,2000
Eminem featuring Dr. Dre and 50 Cent,Crack a Bottle,2000
Flo Rida,Right Round,2000
Lady Gaga,Poker Face,2000
The Black Eyed Peas,Boom Boom Pow,2000
The Black Eyed Peas,I Gotta Feeling,2000
Jay Sean featuring Lil Wayne,Down,2000
Britney Spears,3,2000
Owl City,Fireflies,2000
Jason Derulo,Whatcha Say,2000
Jay-Z featuring Alicia Keys,Empire State of Mind,2000
Kesha,Tik Tok,2010
The Black Eyed Peas,Imma Be,2010
Taio Cruz featuring Ludacris,Break Your Heart,2010
Rihanna,Rude Boy,2010
B.o.B featuring Bruno Mars,Nothin' on You,2010
Usher featuring will.i.am,OMG,2010
Eminem,Not Afraid,2010
Katy Perry featuring Snoop Dogg,California Gurls,2010
Eminem featuring Rihanna,Love the Way You Lie,2010
Katy Perry,Teenage Dream,2010
Bruno Mars,Just the Way You Are,2010
Far East Movement featuring The Cataracs and Dev,Like a G6,2010
Kesha,We R Who We R,2010
Rihanna featuring Drake,What's My Name?,2010
Rihanna,Only Girl (In the World),2010
Pink,Raise Your Glass,2010
Katy Perry,Firework,2010
Bruno Mars,Grenade,2010
Britney Spears,Hold It Against Me,2010
Wiz Khalifa,Black and Yellow,2010
Lady Gaga,Born This Way,2010
Katy Perry featuring Kanye West,E.T.,2010
Rihanna featuring Britney Spears[26],S&M,2010
Adele,Rolling in the Deep,2010
"Pitbull featuring Ne-Yo, Afrojack and Nayer",Give Me Everything,2010
LMFAO featuring Lauren Bennett and GoonRock,Party Rock Anthem,2010
Katy Perry,Last Friday Night (T.G.I.F.),2010
Maroon 5 featuring Christina Aguilera,Moves Like Jagger,2010
Adele,Someone Like You,2010
Rihanna featuring Calvin Harris,We Found Love,2010
LMFAO,Sexy and I Know It,2010
Adele,Set Fire to the Rain,2010
Kelly Clarkson,Stronger (What Doesn't Kill You),2010
Katy Perry,Part of Me,2010
Fun featuring Janelle Monáe,We Are Young,2010
Gotye featuring Kimbra,Somebody That I Used to Know,2010
Carly Rae Jepsen,Call Me Maybe,2010
Flo Rida,Whistle,2010
Taylor Swift,We Are Never Ever Getting Back Together,2010
Maroon 5,One More Night,2010
Rihanna,Diamonds,2010
Bruno Mars,Locked Out of Heaven,2010
Macklemore & Ryan Lewis featuring Wanz,Thrift Shop,2010
Baauer,Harlem Shake,2010
Bruno Mars,When I Was Your Man,2010
Pink featuring Nate Ruess,Just Give Me a Reason,2010
Macklemore & Ryan Lewis featuring Ray Dalton,Can't Hold Us,2010
Robin Thicke featuring T.I. and Pharrell,Blurred Lines,2010
Katy Perry,Roar,2010
Miley Cyrus,Wrecking Ball,2010
Lorde,Royals,2010
Eminem featuring Rihanna,The Monster,2010
Pitbull featuring Kesha,Timber,2010
Katy Perry featuring Juicy J,Dark Horse,2010
Pharrell Williams,Happy,2010
John Legend,All of Me,2010
Iggy Azalea featuring Charli XCX,Fancy,2010
Magic!,Rude,2010
Taylor Swift,Shake It Off,2010
Meghan Trainor,All About That Bass,2010
Taylor Swift,Blank Space,2010
Mark Ronson featuring Bruno Mars,Uptown Funk,2010
Wiz Khalifa featuring Charlie Puth,See You Again,2010
Taylor Swift featuring Kendrick Lamar,Bad Blood,2010
Omi,Cheerleader,2010
The Weeknd,Can't Feel My Face,2010
Justin Bieber,What Do You Mean?,2010
The Weeknd,The Hills,2010
Adele,Hello,2010
Justin Bieber,Sorry,2010
Justin Bieber,Love Yourself,2010
Zayn,Pillowtalk,2010
Rihanna featuring Drake,Work,2010
Desiigner,Panda,2010
Drake featuring WizKid and Kyla,One Dance,2010
Justin Timberlake,Can't Stop the Feeling!,2010
Sia featuring Sean Paul,Cheap Thrills,2010
The Chainsmokers featuring Halsey,Closer,2010
Rae Sremmurd featuring Gucci Mane,Black Beatles,2010
The Weeknd featuring Daft Punk,Starboy,2010
Migos featuring Lil Uzi Vert,Bad and Boujee,2010
Ed Sheeran,Shape of You,2010
Kendrick Lamar,Humble,2010
Bruno Mars,That's What I Like,2010
"DJ Khaled featuring Justin Bieber, Quavo, Chance the Rapper and Lil Wayne",I'm the One,2010
Luis Fonsi and Daddy Yankee featuring Justin Bieber,Despacito,2010
Taylor Swift,Look What You Made Me Do,2010
Cardi B,Bodak Yellow,2010
Post Malone featuring 21 Savage,Rockstar,2010
Ed Sheeran solo or duet with Beyoncé1,Perfect,2010
Camila Cabello featuring Young Thug,Havana,2010
Drake,God's Plan,2010
Drake,Nice for What,2010
Childish Gambino,This Is America,2010
Post Malone featuring Ty Dolla Sign,Psycho,2010
XXXTentacion,Sad!,2010
"Cardi B, Bad Bunny and J Balvin",I Like It,2010
Drake,In My Feelings,2010
Maroon 5 featuring Cardi B,Girls Like You,2010
Ariana Grande,"Thank U, Next",2010
Travis Scott,Sicko Mode,2010
Halsey,Without Me,2010
Post Malone and Swae Lee,Sunflower,2010
Ariana Grande,7 Rings,2010
Lady Gaga and Bradley Cooper,Shallow,2010
Jonas Brothers,Sucker,2010
Lil Nas X solo or featuring Billy Ray Cyrus2,Old Town Road,2010
Billie Eilish,Bad Guy,2010
Shawn Mendes and Camila Cabello,Señorita,2010
Lizzo,Truth Hurts,2010
Travis Scott,Highest in the Room,2010
Lewis Capaldi,Someone You Loved,2010
Selena Gomez,Lose You to Love Me,2010
Post Malone,Circles,2010
The Weeknd,Heartless,2010
Mariah Carey,All I Want for Christmas Is You,2010
